ClassNumber,Mnemonic,Number,Section,Type,Units,Instructor1,Days1,Room1,MeetingDates1,Instructor2,Days2,Room2,MeetingDates2,Instructor3,Days3,Room3,MeetingDates3,Instructor4,Days4,Room4,MeetingDates4,Title,Topic,Status,Enrollment,EnrollmentLimit,Waitlist,Description
10055,ANTH,2890,001,Lecture,"3","Rachel Most","MoTuWeThFrSa 10:00AM - 12:00PM","Monroe Hall 118","01/03/2012 - 01/13/2012","Rachel Most","MoTuWeThFrSa 1:00PM - 3:00PM","Monroe Hall 118","01/03/2012 - 01/13/2012","","","","","","","","","Unearthing the Past","",Open,26,30,0,"The study of past cultures through their material remains. Students gain an understanding of how archaeologists study ancient civilizations as well as the everyday lives of people who lived in these societies. Archaeological methods are reviewed to demystify the process of reconstructing the past. The course also covers some of the major developments in prehistory such as the origins of modern humans, the rise of the first villages and cities, and the emergence of ancient civilizations in North America."
10105,ARTS,2580,001,Studio,"3","William Bennett","MoTuWeThFrSa 10:00AM - 12:00PM","Ruffin Hall 120","01/03/2012 - 01/13/2012","Staff","MoTuWeThFrSa 2:00PM - 4:00PM","Ruffin Hall 120","01/03/2012 - 01/13/2012","","","","","","","","","Special Topics in Sculpture","Ceramic Figure: The Warrior",Open,11,18,0,"An introduction to the specialized materials, methods, processes, and cultural issues as they relate to the history and practice of Sculpture"
10056,ARTS,2620,001,Studio,"3","Dean Dass","MoTuWeThFrSa 10:00AM - 12:00PM","Ruffin Hall 220","01/03/2012 - 01/13/2012","Dean Dass","MoTuWeThFrSa 1:00PM - 3:00PM","Ruffin Hall 220","01/03/2012 - 01/13/2012","","","","","","","","","Introduction to Drawing II","",Open,17,20,0,"Continuation of ARTS 1610 with projects emphasizing on drawing skills and analytical thinking. The majority of assignments will be concept-based to encourage students to develop individual visual language.  Prerequisite: ARTS 1610."
10058,COMM,3845,001,Lecture,"3","William Wilkerson","MoTuWeThFrSa 10:00AM - 12:00PM","Robertson Hall 246","01/03/2012 - 01/13/2012","Staff","MoTuWeThFrSa 1:00PM - 3:00PM","Robertson Hall 246","01/03/2012 - 01/13/2012","","","","","","","","","Foundations of International Business","",Closed,26,25,0,"An introduction to the field of international business through an examination of the practice and theory of international business, focusing on managerial, operational, strategic, ethical, and environmental factors. The student develops an understanding of global trade theory and the various forms of global and regional economic integration; examines the major functions of managing an international business; becomes familiar with the instruments, procedures, and processes of international business; ascertains the modes of international market entry and foreign direct investment; generates an appreciation of the importance of culture on international business; and evaluates ethical issues in international business.  Prerequisite: Non-Commerce students. Note: See course descriptions for other international courses available for a concentration in international business. These courses include: COMM 4310 and COMM 4650."
10062,COMM,4660,001,Lecture,"3","Elizabeth Moore","MoTuWeThFrSa 10:00AM - 12:00PM","Robertson Hall 256","01/03/2012 - 01/13/2012","Elizabeth Moore","MoTuWeThFrSa 1:00PM - 3:00PM","Robertson Hall 256","01/03/2012 - 01/13/2012","","","","","","","","","The Advice Business: The Basics of Strategic Consulting","",Open,19,30,0,"This is an introductory consulting course designed primarily for 3rd Year Commerce students, but also open to 4th Year Commerce students. The course focuses on the advisory services that traditional management consulting, accounting, and technology consulting firms provide to their clients, including strategy, operations, change management, business advisory, and IT. The course is designed to survey the dynamics of each type of client-service offering."
10059,DRAM,3320,001,Seminar,"3","Gweneth West","MoTuWeThFrSa 10:00AM - 12:00PM","Drama Education Bldg 206","01/03/2012 - 01/13/2012","Staff","MoTuWeThFrSa 1:00PM - 3:00PM","Drama Education Bldg 206","01/03/2012 - 01/13/2012","","","","","","","","","The Fine Art of Dress 1: Conformity & Individuality","",Open,13,15,0,"Expores the cultural influences on fashion choices and expression of identity you create for  the 21st century.  Examination of your own wardrobe and study of the History of Dress serves as grounding for research into selected garments from The Collection of Historic Dress, c. 1795-1965. Working with extant garments  provides insight into these  periods of American history, the cultural influences, and  the people who inhabited these clothes."
10060,EDIS,2910,001,Seminar,"3","Karlin Luedtke","MoTuWeThFrSa 10:00AM - 12:00PM","Monroe Hall 114","01/03/2012 - 01/13/2012","Karlin Luedtke","MoTuWeThFrSa 1:00PM - 3:00PM","Monroe Hall 114","01/03/2012 - 01/13/2012","","","","","","","","","Beyond the Second Year: Academic Realities and Skills","",Open,18,22,0,"A three-credit course that will assist upper level students attain their academic goals at the University of Virginia.  The class will address strategies for dealing with lenghty and complex readings, the analytical and evaluative skills of scholarship, methods of time mangement in academic pursuits and stress management."
10063,ENGN,3559,001,Lecture,"3","Mark Edmundson","MoTuWeThFrSa 10:00AM - 12:00PM","Bryan Hall 330","01/03/2012 - 01/13/2012","Mark Edmundson","MoTuWeThFrSa 1:00PM - 3:00PM","Bryan Hall 330","01/03/2012 - 01/13/2012","","","","","","","","","New Course in Genre Studies","Introduction to Poetry",Open,16,18,0,"This course provides the opportunity to offer a new course in the subject of Genre Studies.  For more details on this class, please visit the department website at http://www.engl.virginia.edu/courses."
10064,ENRN,3559,001,Lecture,"3","John O'Brien","MoTuWeThFrSa 10:00AM - 12:00PM","Bryan Hall 328","01/03/2012 - 01/13/2012","John O'Brien","MoTuWeThFrSa 1:00PM - 3:00PM","Bryan Hall 328","01/03/2012 - 01/13/2012","","","","","","","","","New Course in Renaissance Literature","King Lear in Every Way",Open,13,25,0,"This course provides the opportunity to offer a new course in the subject of Renaissance Literature.  For more details on this class, please visit the department website at http://www.engl.virginia.edu/courses."
10065,ENSP,1060,001,Seminar,"3","Margaret Gardiner","MoTuWeThFrSa 10:00AM - 12:00PM","Bryan Hall 334","01/03/2012 - 01/13/2012","Margaret Gardiner","MoTuWeThFrSa 1:00PM - 3:00PM","Bryan Hall 334","01/03/2012 - 01/13/2012","","","","","","","","","Public Speaking","",Closed,17,18,0,"Through theoretical instruction and practice, students will learn to prepare and deliver public presentations, including techniques for handling speech anxiety, analyzing audience, organizing and composing an effective argument, and improving diction, projection and delivery."
10061,ENSP,3559,001,Lecture,"3","Elizabeth Denton","MoTuWeThFrSa 10:00AM - 12:00PM","Bryan Hall 332","01/03/2012 - 01/13/2012","Elizabeth Denton","MoTuWeThFrSa 1:00PM - 3:00PM","Bryan Hall 332","01/03/2012 - 01/13/2012","","","","","","","","","New Course in Special Topics In Literature","Contemporary Flash Fictio",Closed,19,18,0,"This course provides the opportunity to offer a new course in the subject of Special Topics In Literature."
10094,EVSC,1050,001,Lecture,"3","Robert Swap","MoTuWeThFrSa 10:00AM - 12:00PM","Clark Hall G004","01/03/2012 - 01/13/2012","Staff","MoTuWeThFrSa 1:00PM - 3:00PM","Clark Hall G004","01/03/2012 - 01/13/2012","","","","","","","","","Ethics, Protocols, and Practice of International Research","",Closed,15,50,0,"Ethics, Protocols, and Practice of International Research"
10106,EVSC,2070,001,Seminar,"3","Michael Gorman","MoTuWeThFrSa 10:00AM - 12:00PM","Mechanical Engr Bldg 214","01/03/2012 - 01/13/2012","Staff","MoTuWeThFrSa 2:00PM - 4:00PM","Mechanical Engr Bldg 214","01/03/2012 - 01/13/2012","","","","","","","","","Earth Systems Technology & Management","",Closed,3,20,0,"Earth Systems Engineering Management (ESEM) is a comprehensive perspective that combines engineering, environmental science and psychology to explore how human beings can take care of the ecosystem. Students will listen to lectures and discuss background readings from a variety of perspectives related to ESEM. Then they will apply what they have read to a practical problem: identifying and managing national parks and other national entities."
10066,EVSC,4559,001,Lecture,"3","Stephen Macko","MoTuWeThFrSa 10:00AM - 12:00PM","Clark Hall 101","01/03/2012 - 01/13/2012","Stephen Macko","MoTuWeThFrSa 1:00AM - 3:00AM","Clark Hall 101","01/03/2012 - 01/13/2012","","","","","","","","","New Course in Environmental Science","An Ocean Cultured and Captive",Open,15,20,0,"This course provides the opportunity to offer a new topic in the subject area of environmental science."
10099,GNUR,6320,500,Lecture,"3","Staff","Mo 1:01AM - 1:01AM","Web-Based Course-no class mtgs","01/02/2012 - 01/06/2012","Valentina Brashers","MoTuWeThFr 8:00AM - 5:00PM","Zehmer Hall Conference Center","01/09/2012 - 01/13/2012","","","","","","","","","Immunocompetence in Vulnerable Populations","",Open,32,60,0,"Examines the immune system and phenomena of concern to nurses who work with immunocompromised individuals. Focuses on the critical thinking and clinical decision-making needed to work with individuals whose immune system is compromised (e.g., cancer, AIDS, transplant, and septic patients).  Prerequisite: Graduate standing or instructor permission."
10101,GNUR,8005,500,Lecture,"2","Judith Sands","TuWeThFr 9:00AM - 1:00PM","Zehmer Hall Conference Center","01/03/2012 - 01/06/2012","Staff","TuWeTh 9:00AM - 1:00PM","Zehmer Hall Conference Center","01/10/2012 - 01/12/2012","","","","","","","","","An Introduction to Classroom & Clinical Teaching in Nursing","",Open,6,25,0,"This elective course introduces graduate students to the role of nurse educator in the classroom and clinical teaching setting. The course reviews applicable teaching learning principles and presents a variety of classic and contemporary teaching methods and strategies for instruction and student evaluation. Challenges for nurse educators related to student diversity, active learning, use of technology, and student evaluation are explored. The focus is on the acquisition of practical knowledge and skills to begin teaching students in a college of nursing.  Prerequisite: Graduate standing."
10100,GNUR,8650,500,Lecture,"3","Sarah Farrell","MoTuWeThFr 8:00AM - 5:00PM","Zehmer Hall Conference Center","01/02/2012 - 01/13/2012","Staff","MoTuWeThFr 8:00AM - 5:00PM","Zehmer Hall Conference Center","01/09/2012 - 01/13/2012","","","","","","","","","Managing Information Technology","",Open,11,25,0,"The use of information technology as a methodology for critical analysis of evidence in clinical decision-making and research utilization will be emphasized. Students will research the development and implementation of information technology systems to evaluate outcomes of care, care systems and quality improvement.  Students will explore the nature and functions of health informatics, the current state of the science, present and future applications, and major issues for research and development.  Prerequisite: Graduate standing or instructor permission."
10067,HIEA,3141,001,Lecture,"3","Staff","MoTuWeThFrSa 10:00AM - 12:00PM","Nau 141","01/03/2012 - 01/13/2012","Bradly Reed","MoTuWeThFrSa 1:00PM - 3:00PM","Nau 141","01/03/2012 - 01/13/2012","","","","","","","","","Political and Social Thought in Modern China","",Closed,31,30,0,"Studies political and social thought from the early 20th century to the present, as reflected in written sources (including fiction), art, and films."
10068,HIST,4591,001,Seminar,"3","Jeffrey Rossman","MoTuWeThFrSa 9:00AM - 11:00AM","Nau 242","01/03/2012 - 01/13/2012","Jeffrey Rossman","MoTuWeThFrSa 1:00PM - 3:00PM","Nau 242","01/03/2012 - 01/13/2012","","","","","","","","","Topics in History","Genocide, Justice and the Law",Open,11,25,0,"Topics courses are small, discussion-oriented classes available to any student with sufficient background and interest in a particular field of historical study. Offered irregularly, they are open to majors or non-majors.  Prerequisite: Instructor permission."
10012,LAW,7600,1,Lecture,"1","George Rutherglen","MoTuWeThFr 9:30AM - 12:00PM","Withers-Brown Hall 129","01/16/2012 - 01/20/2012","","","","","","","","","","","","","Admiralty (SC)","",Open,13,30,0,"This short course will examine the basic substantive and procedural doctrines in federal maritime law and compare them to analogous doctrines in other areas of law. Among the topics to be covered are: jurisdiction in admiralty, carriage of goods by sea, collision, personal injury and wrongful death, salvage, and piracy."
10002,LAW,7603,1,Lecture,"1","Michal Barzuza","MoTuWeThFr 1:30PM - 4:00PM","Withers-Brown Hall 129","01/16/2012 - 01/20/2012","","","","","","","","","","","","","Corporate Law Policy (SC)","",Open,9,16,0,"This short course will discuss works on pressing issues in corporate law policy such as misreporting of corporate performance, differences between US and Europe and corporate law reforms."
10009,LAW,7604,1,Lecture,"1","David Little, John Moore","MoTuWeThFr 1:30PM - 4:00PM","Slaughter Hall 276","01/16/2012 - 01/20/2012","","","","","","","","","","","","","Ethical Issues in Foreign Policy (SC)","",Open,3,19,0,"This sort course will explore ethical issues in foreign policy."
10022,LAW,7610,1,Lecture,"1","Marie Gore","MoTuWeThSu 9:00AM - 5:00PM","TBA","01/08/2012 - 01/17/2012","","","","","","","","","","","","","French Public and Private Law (SC)","",Open,24,30,0,"This short course will study the various sources of French Law, the French Civil Code, the increasing significance of case law and the impact of the European Convention of Human Rights, Towards a European Civil Code, basic principles of contracts and new directions, key notions on torts (recent trends in case law) and modern trends in family law (spouse, so-called Pacs, effects of foreign polygamy and repudiation in France, inheritance)."
10021,LAW,7615,1,Lecture,"1","Mildred Robinson","MoTuWeThFr 1:30PM - 4:00PM","Withers-Brown Hall 116","01/16/2012 - 01/20/2012","","","","","","","","","","","","","Income Taxation of Trusts and Estates (SC)","",Open,5,12,0,"A study of Subchapter J of Subtitle A of the Internal Revenue Code - the Income Taxation of Trusts and Estates. In this short course we will examine the ways in which the process of determining income tax liability for these two taxable entities is the same as that for taxing the income of individuals and the important ways in which the process differs."
10004,LAW,7618,1,Lecture,"1","Mark Mendelsohn, Paul Stephan, Richard Dean","MoTuWeThFr 9:30AM - 12:00PM","Slaughter Hall 284","01/16/2012 - 01/20/2012","","","","","","","","","","","","","International Financial Crimes (SC)","",Open,10,20,0,"This short course looks at the criminalization of financial transactions that may arise in the course of operating an international business. Focused principally on U.S. federal criminal law, we will also consider international agreements relating to bribery and money laundering. The class will concentrate on the Foreign Corrupt Practices Act, money laundering, the Racketeering Influenced and Corrupt Organizations Act, and wire and mail fraud."
10006,LAW,7621,1,Lecture,"1","James Stern, Micah Schwartzman","MoTuWeThFr 1:30PM - 4:00PM","Withers-Brown Hall Room 104A","01/16/2012 - 01/20/2012","","","","","","","","","","","","","Textualism and Its Critics (SC)","",Closed,11,11,0,"This short course will examine textualism as a method of statutory interpretation. We will address the following questions: What is textualism? What are the arguments for it? And what are the arguments against? In discussing these questions, we will consider the goals of statutory interpretation, the nature of legislative intention, and the value of various legal sources in determining the meaning of enacted law."
10008,LAW,7624,1,Lecture,"1","A Howard","MoTuWeThFr 9:30AM - 12:00PM","Slaughter Hall 294","01/16/2012 - 01/20/2012","","","","","","","","","","","","","Virginia and the Constitution (SC)","",Closed,16,16,0,"In the 400 years since its first settlement, Virginia has been intimately intertwined with the central themes of American constitutionalism - the idea of rights, the balance between national and state power, the nature of religious liberty, the problem of race and discrimination, etc. In this short course, we will consider selected persons, documents, and events which illuminate those themes."
10005,LAW,7627,1,Lecture,"1","Jeffrey O'Connell","MoTuWeThFr 9:30AM - 12:00PM","Slaughter Hall 268","01/16/2012 - 01/20/2012","","","","","","","","","","","","","Personal Injury Law (SC)","",Open,5,40,0,"This course examines the trial of a typical personal injury case from claim investigation, pleadings, discovery, and trial to post trial motions and appeal, focusing on both legal doctrines and tort litigation strategy. Tort law theory and its practical operations will be discussed as well as proposals for tort reform as applied to auto accidents, medical malpractice, and product liability."
10001,LAW,7631,1,Lecture,"1","George Geis, John Esterhay","MoTuWeThFr 9:30AM - 12:00PM","Slaughter Hall 262","01/16/2012 - 01/20/2012","","","","","","","","","","","","","Applied Problem Solving (SC)","",Closed,19,20,0,"This short course surveys applied problem solving concepts that can be used to find the optimal solution to a given business opportunity or challenge."
10010,LAW,7634,1,Lecture,"1","John Duffy","MoTuWeThFr 9:30AM - 12:00PM","Slaughter Hall 276","01/16/2012 - 01/20/2012","","","","","","","","","","","","","Economic Foundations of Intellectual Property (SC)","",Open,6,20,0,"This short course gives an introduction to the long-running debate concerning whether it is economically sensible for society to recognize any intellectual property rights and to the legal implications for the structure of intellectual property rights."
10007,LAW,7637,1,Lecture,"2","Stephen Saltzburg","MoTuWeThFrSaSu 9:00AM - 5:00PM","TBA","01/06/2012 - 01/12/2012","","","","","","","","","","","","","Trial Advocacy College (SC)","",Open,35,50,0,"The Trial Advocacy College is a week-long course offered each January through the offices of Virginia Continuing Legal Education (CLE). This advocacy skills, hands-on course is the most advanced advocacy training offered at the law school. Each student gets to practice every aspect of advocacy culminating in a jury trial."
10013,LAW,7645,1,Lecture,"1","John Setear","MoTuWeThFr 1:30PM - 4:00PM","Withers-Brown Hall 121","01/16/2012 - 01/20/2012","","","","","","","","","","","","","Baseball (SC)","",Open,11,16,0,"This course examines the effect of various laws and law-like rules on Major League Baseball.  Suitable for non-experts and will include (optional) session aimed at bringing them up to speed."
10003,LAW,7660,1,Lecture,"1","George White","MoTuWeThFr 9:30AM - 12:00PM","Withers-Brown Hall 121","01/16/2012 - 01/20/2012","","","","","","","","","","","","","Defamation (SC)","",Open,16,20,0,"A survey of the common law and constitutional dimensions of defamation law."
10011,LAW,7671,1,Lecture,"1","Risa Goluboff","MoTuWeThFr 1:30PM - 4:00PM","Withers-Brown Hall 127","01/16/2012 - 01/20/2012","","","","","","","","","","","","","Poverty and the Constitution (SC)","",Open,7,12,0,"This course will explore the Supreme CourtÂ¿s flirtation with constitutional protection for poor people during the 1960s and 1970s."
10017,LAW,7672,1,Lecture,"1","John Morley","MoTuWeThFr 9:30AM - 12:00PM","Slaughter Hall 298","01/16/2012 - 01/20/2012","","","","","","","","","","","","","Hedge Funds: Contract and Regulation (SC)","",Open,10,15,0,"This course will offer an introduction to the regulation and contractual structure of hedge funds. We will closely read model hedge fund operating agreements and will pay careful attention to the unusual ways in which these funds structure relationships between investors and managers. We will also survey some of the statutes and regulations that apply to hedge funds and some of the relevant academic literature."
10014,LAW,7674,1,Lecture,"2","Gil Siegal","MoTuWeThSaSu 10:00AM - 9:00PM","TBA","01/14/2012 - 01/19/2012","","","","","","","","","","","","","Israeli Health Law and Bioethics (SC)","",Open,20,25,0,"In this short course, students will be introduced to the Israeli health system including patients rights, medical malpractice, organ donation, end-of-life decisions, reproductive medicine and genetic research."
10019,LAW,7681,1,Lecture,"1","Dahlia Lithwick, Daniel Ortiz","MoTuWeThFr 9:30AM - 12:00PM","Withers-Brown Hall 114","01/16/2012 - 01/20/2012","","","","","","","","","","","","","Media and the Courts (SC)","",Closed,16,16,0,"This seminar will consider how the media intermediates and shapes the public's understanding and the overall development of American law."
10095,LAW,7687,1,Lecture,"1","Amul Thapar, Lillian Bevier","MoTuWeThFr 1:30PM - 4:00PM","Slaughter Hall 284","01/16/2012 - 01/20/2012","","","","","","","","","","","","","Judicial Decision-Making: Judicial Modesty (SC)","",Open,11,15,0,"This course will attempt to define the concept of Â¿judicial modesty,Â¿ and to discern both the normative case and some of the appropriate occasions for judges to defer either to the letter of the law or to the decisions of other branches of government."
10102,LAW,7689,1,Lecture,"1","Darryl Brown","MoTuWeThFr 9:30AM - 12:00PM","Withers-Brown Hall 127","01/16/2012 - 01/20/2012","","","","","","","","","","","","","Topics in Federal Criminal Law: Fraud, Corruption, Group Criminality (SC)","",Open,10,40,0,"This one-credit course will provide a survey of selected topics that are also covered in the three-hour Federal Criminal Law course, and therefore it is mutually exclusive with that course; enrollment in one precludes enrollment in the other.  This shorter course will focus mostly on fraud, extortion, public corruption offenses, and some offenses related group criminality such as material support for terrorism."
10104,LAW,7690,1,Lecture,"1","Richard Bonnie, Walter McGough","MoTuWeThFr 9:30AM - 12:00PM","Withers-Brown Hall 116","01/16/2012 - 01/20/2012","","","","","","","","","","","","","Health Care Marketplace: Competition, Regulation, and Reform (SC)","",Open,11,20,0,"This short course will examine salient features of the legal and economic framework in which we provide medical care in the United States."
10071,MATH,2700,001,Lecture,"3","David Sherman","MoTuWeThFrSa 9:30AM - 11:30AM","Kerchof Hall 317","01/03/2012 - 01/13/2012","Staff","MoTuWeThFrSa 12:30PM - 2:30PM","Kerchof Hall 317","01/03/2012 - 01/13/2012","","","","","","","","","Euclidean and Noneuclidean Geometry","",Open,12,30,0,"Examines assumptions and methods in the original text of Euclid's Elements.  Covers selected geometric topics such as symmetries, spherical geometry, curvature, the dissection theory of area, constructible numbers, and the discovery of non-Euclidean geometry.  Prerequisites:  Some familiarily with calculus."
10072,MDST,3559,001,Seminar,"3","Andrea Press","MoTuWeThFrSa 10:00AM - 12:00PM","Wilson Hall 235","01/03/2012 - 01/13/2012","Staff","MoTuWeThFrSa 1:00PM - 3:00PM","Wilson Hall 235","01/03/2012 - 01/13/2012","","","","","","","","","New Course in Media Studies","Teens In Film",Closed,18,18,0,"This course provides the opportunity to offer a new course in the subject of Media Studies."
10073,MDST,3809,001,Seminar,"3","Siva Vaidhyanathan","MoTuWeThFrSa 8:00AM - 5:00PM","Contact Department","01/03/2012 - 01/13/2012","","","","","","","","","","","","","New Media in New York","",Open,19,30,0,"How do the contemporary media industries work? How did they develop in this fashion? How can an analysis of the Â¿business of entertainmentÂ¿ enable a greater understanding of contemporary media aesthetics and culture?"
10074,PLAP,3160,001,Seminar,"3","Paul Freedman","MoTuWeThFrSa 10:00AM - 12:00PM","Nau 211","01/03/2012 - 01/13/2012","Staff","MoTuWeThFrSa 1:00PM - 3:00PM","Nau 211","01/03/2012 - 01/13/2012","","","","","","","","","Politics of Food","",Open,34,40,0,"This course looks at the production and consumption of food in a political context. We will explore legislation, regulation, and other policies that affect the food system and examine their implications for the environment, public health and democratic politics. We will look closely at controversies over agricultural subsidies, labeling requirements, farming practices, food safety, advertising and education."
10075,PLAP,3420,001,Lecture,"3","Kenneth Stroupe","MoTuWeThFrSa 10:00AM - 12:00PM","Monroe Hall 122","01/03/2012 - 01/13/2012","Staff","MoTuWeThFrSa 1:00PM - 3:00PM","Monroe Hall 110","01/03/2012 - 01/13/2012","","","","","","","","","Virginia Government and Politics","",Open,16,40,0,"Course will provide students with a comprehensive understanding of the structure, functions and processes of state and local government in Virginia and to introduce students to political leaders and policymakers of state government. When the course is finished, students should be able to answer journalist Guy Friddell's query: ""What is it about Virginia?"""
10076,PLCP,3240,001,Lecture,"3","Yuri Urbanovich","MoTuWeThFrSa 10:00AM - 12:00PM","Clemons Library 407","01/03/2012 - 01/13/2012","Staff","MoTuWeThFrSa 1:00PM - 3:00PM","TBA","01/03/2012 - 01/13/2012","","","","","","","","","Post Soviet Political Challenges","",Open,27,30,0,"This course compares the origins and consequences of the rise of nationalism, separatism, secessions, and irredentist claims in the Russian Federation and other former Soviet republics, at the end of the Cold War.  Prerequisite: one class in PLCP or permission of instructor."
10077,PLCP,4410,001,Lecture,"3","David Waldner","MoTuWeThFrSa 10:00AM - 12:00PM","Gibson 211","01/03/2012 - 01/13/2012","Staff","MoTuWeThFrSa 1:00PM - 3:00PM","Gibson 211","01/03/2012 - 01/13/2012","","","","","","","","","Nation Building in Iraq","",Open,37,40,0,"Intensive study of America's role in the political and economic reconstruction of Iraq after the fall of Saddam Hussein. Analysis of the nation-building project in historical (earlier efforts at Iraqi nation-building) and comparative (earlier American efforts at occupation-based nation-building) perspective."
10078,PLIR,3500,001,Independent Study,"3","Catherine Sanger","MoTuWeThFrSa 10:00AM - 12:00PM","Gibson 242","01/03/2012 - 01/13/2012","Staff","MoTuWeThFrSa 1:00PM - 3:00PM","Gibson 242","01/03/2012 - 01/13/2012","","","","","","","","","Special Topics in International Relations","War and Peace and the World Wi",Open,9,20,0,"Special Topics in International Relations"
10079,RELB,1559,001,Lecture,"3","Kurtis Schaeffer","MoTuWeThFrSa 10:00AM - 12:00PM","Nau 341","01/03/2012 - 01/13/2012","Staff","MoTuWeThFrSa 1:00PM - 3:00PM","Nau 341","01/03/2012 - 01/13/2012","","","","","","","","","New Course in Buddhism","Buddhism in Fiction and Film",Open,29,30,0,"This course provides the opportunity to offer a new course in the subject of Buddhism."
10080,RELC,2057,001,Lecture,"3","Paul Jones","MoTuWeThFrSa 10:00AM - 12:00PM","Gibson 141","01/03/2012 - 01/13/2012","Staff","MoTuWeThFrSa 1:00PM - 3:00PM","Gibson 141","01/03/2012 - 01/13/2012","","","","","","","","","Christian Theologies of Liberation","",Open,15,30,0,"An examination of recent theological statements about Christianity and political activity, with an emphasis on contemporary discussions of race, culture, gender, sexuality, ethnicity, poverty, wealth, and class."
10093,RELG,3559,1,Seminar,"3","Heather Warren","MoTuWeThFrSa 10:00AM - 12:00PM","Wilson Hall 140","01/03/2012 - 01/13/2012","Staff","MoTuWeThFrSa 1:00PM - 3:00PM","Wilson Hall 140","01/03/2012 - 01/13/2012","","","","","","","","","New Course in Religious Studies","60s&70sReligion",Open,3,30,0,"This course provides the opportunity to offer a new course in the subject of Religious Studies."
10081,SLAV,2250,001,Seminar,"3","Dariusz Tolczyk","MoTuWeThFrSa 10:00AM - 12:00PM","Cocke Hall 115","01/03/2012 - 01/13/2012","Staff","MoTuWeThFrSa 1:00PM - 3:00PM","Cocke Hall 115","01/03/2012 - 01/13/2012","","","","","","","","","The Dark Side of the 20th Century: Between Auschwitz & Gulag","",Open,10,30,0,"The twentieth century was a period of humanity's unprecedented progress as well as its greatest recorded downfall into barbarity, genocide, and mass oppression. This course enables students to study and reflect on the latter. Some questions will be asked in the course: How do we construct cultural memories of traumatic experiences? Why do we want to remember them? Do we?"
10082,SOC,2498,001,Lecture,"3","Joseph Davis","MoTuWeThFrSa 10:00AM - 12:00PM","Gibson 341","01/03/2012 - 01/13/2012","Staff","MoTuWeThFrSa 1:00PM - 3:00PM","Gibson 341","01/03/2012 - 01/13/2012","","","","","","","","","Prozac Culture","",Closed,30,30,0,"The pharmacological revolution, symbolized by drugs such as Prozac and Ritalin, is a cultural as well as a medical phenomenon. The course explores the history of the revolution and the confluence of social changes driving it forward. Also considered are its implications for self, the definition of psychic distress, and the norms and values that structure how we live. "
10083,SOC,2499,001,Seminar,"3","Joshua Yates","MoTuWeThFrSa 10:00AM - 12:00PM","Gibson  142","01/03/2012 - 01/13/2012","Staff","MoTuWeThFrSa 1:00PM - 3:00PM","Gibson  142","01/03/2012 - 01/13/2012","","","","","","","","","Globalization and Social Responsibility","",Open,7,20,0,"""Think globally, act locally,"" is a popular slogan that invites critical reflection on, and active engagement with, both the theoretical and empirical realities of globalization. Through lectures, readings, and individual research, this class will consider both the scholarly and the practical implications this maxim raises for local communities and citizenship in the face of global change. Jterm courses require approval for SOC major/minor credit"
10084,SOC,2500,001,Lecture,"3","Jeffrey Olick","MoTuWeThFrSa 10:00AM - 12:00PM","Gibson 241","01/03/2012 - 01/13/2012","Staff","MoTuWeThFrSa 1:00PM - 3:00PM","Gibson 241","01/03/2012 - 01/13/2012","","","","","","","","","Special Topics in Sociology (J Term Course)","Sociology Through Cinema",Closed,21,20,0,"Topics vary each J-Term session and will be announced."
10092,SOC,2500,002,Lecture,"3","Teresa Sullivan","MoTuWeThFrSa 9:00AM - 11:00AM","TBA","01/03/2012 - 01/13/2012","Staff","MoTuWeThFrSa 2:00PM - 4:00PM","TBA","01/03/2012 - 01/13/2012","","","","","","","","","Special Topics in Sociology (J Term Course)","Sociology of Work",Closed,17,16,0,"Topics vary each J-Term session and will be announced."
10085,SPAN,2010,001,Lecture,"3","Sarah Bogard","MoTuWeThFrSa 9:00AM - 12:00PM","Monroe Hall 111","01/03/2012 - 01/13/2012","Sarah Bogard","MoTuWeThFrSa 1:30PM - 3:30PM","Monroe Hall 111","01/03/2012 - 01/13/2012","","","","","","","","","Intermediate Spanish","",Open,19,20,0,"Further develops the listening, speaking, reading and writing skills. SPAN 2010 enables students to successfully perform linguistic tasks that allow them to communicate in everyday situations (e.g., narrating present, past and future activities, and expressing hopes, desires, and requests). Students also read journalistic and literary selections designed for Spanish-speaking audiences. Three class hours. Laboratory work is required. Followed by SPAN 2020.  Prerequisite: Passing grade in SPAN 1020 or 1060; a score of 520-590 on the SAT II test; 326-409 on the UVa placement test; or permission of the department."
10086,SPAN,4600,001,Lecture,"3","Daniel Chavez","MoTuWeThFrSa 10:00AM - 12:00PM","Wilson Hall 216","01/03/2012 - 01/13/2012","Daniel Chavez","MoTuWeThFrSa 1:00PM - 3:00PM","Wilson Hall 216","01/03/2012 - 01/13/2012","","","","","","","","","Literature and Cinema","",Open,13,30,0,"Explores the relationship between literature and film as narrative arts, focusing on contemporary classics of the Spanish and Spanish-American novel and their cinematic adaptations.    Prerequisite: SPAN 3010, 3300, and 3 credits of 3400-3430, or departmental placement."
10087,STS,2140,001,Lecture,"3","Michael Gorman","MoTuWeThFrSa 10:00AM - 12:00PM","Mechanical Engr Bldg 214","01/03/2012 - 01/13/2012","Staff","MoTuWeThFrSa 2:00PM - 4:00PM","Mechanical Engr Bldg 214","01/03/2012 - 01/13/2012","","","","","","","","","Earth Systems Technology and Management","",Closed,17,20,0,"Introduces students to earth systems technology and management, and related concepts such as industrial ecology (the objective, multidisciplinary study of industrial and economic systems and their linkages with fundamental natural systems).Â  The requirements of this course include regular and prepared participation in class and discussions, two semester projects, homework as assigned, and substantial reading and analysis of case studies and articles.Â  Additionally, students will become familiar with design methodologies, and apply those methodologies to case studies as part of a class project.Â   Prerequisite: STS 1500 or equivalent."
10088,STS,2500,001,Lecture,"3","Patricia Click","MoTuWeThFrSa 10:00AM - 12:00PM","Thornton Hall D115","01/03/2012 - 01/13/2012","Staff","MoTuWeThFrSa 1:00PM - 3:00PM","Thornton Hall D115","01/03/2012 - 01/13/2012","","","","","","","","","Science and Technology in Social and Global Context","Technology and Race in the U.S",Closed,19,20,0,"This course invites students to explore the implications of STS core concepts within a specific topical or disciplinary area, drawing out the implications of STS 1500 in depth.  The course explores the social and global context of engineering, science and technology.  Although writing and speaking skills are emphasized,  more attention is given to course content and the students' analytical abilities.  Prerequisites:  STS 1500 or an equivalent STS course."
10089,STS,2500,002,Lecture,"3","Kathryn Neeley","MoTuWeThFrSa 10:00AM - 12:00PM","Thornton Hall E304","01/03/2012 - 01/13/2012","Staff","MoTuWeThFrSa 1:00PM - 3:00PM","Thornton Hall D222","01/03/2012 - 01/13/2012","","","","","","","","","Science and Technology in Social and Global Context","History of Wine",Closed,26,20,0,"This course invites students to explore the implications of STS core concepts within a specific topical or disciplinary area, drawing out the implications of STS 1500 in depth.  The course explores the social and global context of engineering, science and technology.  Although writing and speaking skills are emphasized,  more attention is given to course content and the students' analytical abilities.  Prerequisites:  STS 1500 or an equivalent STS course."
10090,STS,2500,003,Lecture,"3","Robert Swap","MoTuWeThFrSa 10:00AM - 12:00PM","Clark Hall G004","01/03/2012 - 01/13/2012","Staff","MoTuWeThFrSa 1:00PM - 3:00PM","Clark Hall G004","01/03/2012 - 01/13/2012","","","","","","","","","Science and Technology in Social and Global Context","Ethics & Protocols Internat Ed",Closed,37,50,0,"This course invites students to explore the implications of STS core concepts within a specific topical or disciplinary area, drawing out the implications of STS 1500 in depth.  The course explores the social and global context of engineering, science and technology.  Although writing and speaking skills are emphasized,  more attention is given to course content and the students' analytical abilities.  Prerequisites:  STS 1500 or an equivalent STS course."
10091,STS,2500,004,Lecture,"3","Rosalyn Berne","MoTuWeThFrSa 10:00AM - 12:00PM","Thornton Hall D223","01/03/2012 - 01/13/2012","Staff","MoTuWeThFrSa 1:00PM - 3:00PM","Thornton Hall D223","01/03/2012 - 01/13/2012","","","","","","","","","Science and Technology in Social and Global Context","Science Fiction & New Rep Tech",Open,23,24,0,"This course invites students to explore the implications of STS core concepts within a specific topical or disciplinary area, drawing out the implications of STS 1500 in depth.  The course explores the social and global context of engineering, science and technology.  Although writing and speaking skills are emphasized,  more attention is given to course content and the students' analytical abilities.  Prerequisites:  STS 1500 or an equivalent STS course."
